{"cameraMode":{"drawMode":0,"name":"Shaded","section":"Shading Mode"},"sceneLighting":false,"audioPlay":false,"sceneViewState":{"m_AlwaysRefresh":false,"showFog":true,"showSkybox":false,"showFlares":true,"showImageEffects":true,"showParticleSystems":true,"showVisualEffectGraphs":true,"m_FxEnabled":true},"in2DMode":false,"pivot":{"x":-0.5317075848579407,"y":-0.47867250442504885,"z":-0.13983821868896485},"rotation":{"x":0.18213485181331635,"y":-0.3190900683403015,"z":0.06265080720186234,"w":0.9279854893684387},"size":0.7377745509147644,"orthographic":false}